Scan Number,RAW File,Total Ion Current,Total Number of Peaks,Number of Channels,Frequency,Collision Energy,Retention Time (s),Mass Ranges,Precursor Intensity,Scan Description,AGC,Micro Scan Count,Ion Injection Time (ms),Elapsed Scan Time (sec),Activation Type,Mass Analyzer Type,Detector Type,Base Peak Mass,Average Scan by Inst,Orbitrap Resolution,API Process Delay,Dependency Type,Multi Inject Info,Base Peak Intensity,Master Scan Number,Monoisotopic M/Z,Charge State,HCD Energy,HCD Energy eV,MS2 Isolation Width,Access ID,Conversion Parameter I,Conversion Parameter A,Conversion Parameter B,Conversion Parameter C,Conversion Parameter D,Conversion Parameter E,Temperature Comp. (ppm),RF Comp. (ppm),Space Charge Comp. (ppm),Resolution Comp. (ppm),Number of LM Found,LM Correction (ppm),RawOvFtT,Injection t0,Reagent Ion Injection Time (ms),FAIMS Voltage On,FAIMS CV
3,small,586279.0,3924,0,0.0,35.0,0.011218333333333334,210.0-1635.0,nan,ITMS + c ESI d Full ms2 810.79@cid35.00 [210.00-1635.00],On,3,7.993,0.68,CollisionInducedDissociation,MassAnalyzerITMS,Any,736.6370849609375,No,N/A,N/A,N/A,N/A,161140.859375,N/A,0.0000,0,N/A,N/A,2.0,N/A,0.000,107533.039,-347.451,N/A,N/A,N/A,N/A,N/A,N/A,N/A,N/A,N/A,N/A,N/A,N/A,N/A,N/A
4,small,441570.15625,8092,0,0.0,35.0,0.022838333333333332,220.0-1685.0,nan,ITMS + c ESI d Full ms2 837.34@cid35.00 [220.00-1685.00],On,3,15.550,0.71,CollisionInducedDissociation,MassAnalyzerITMS,Any,780.535888671875,No,N/A,N/A,N/A,N/A,29161.8984375,N/A,0.0000,0,N/A,N/A,2.0,N/A,0.000,107533.039,-347.451,N/A,N/A,N/A,N/A,N/A,N/A,N/A,N/A,N/A,N/A,N/A,N/A,N/A,N/A
5,small,114331.703125,6740,0,0.0,35.0,0.034925,185.0-1465.0,nan,ITMS + c ESI d Full ms2 725.36@cid35.00 [185.00-1465.00],On,3,57.431,0.81,CollisionInducedDissociation,MassAnalyzerITMS,Any,578.985595703125,No,N/A,N/A,N/A,N/A,8601.798828125,N/A,0.0000,0,N/A,N/A,2.0,N/A,0.000,107533.039,-347.451,N/A,N/A,N/A,N/A,N/A,N/A,N/A,N/A,N/A,N/A,N/A,N/A,N/A,N/A
6,small,130427.3046875,5244,0,0.0,35.0,0.04862,140.0-1130.0,nan,ITMS + c ESI d Full ms2 558.87@cid35.00 [140.00-1130.00],On,3,66.479,0.79,CollisionInducedDissociation,MassAnalyzerITMS,Any,579.1727905273438,No,N/A,N/A,N/A,N/A,16020.6806640625,N/A,0.0000,0,N/A,N/A,2.0,N/A,0.000,107533.039,-347.451,N/A,N/A,N/A,N/A,N/A,N/A,N/A,N/A,N/A,N/A,N/A,N/A,N/A,N/A
7,small,580561.0625,6140,0,0.0,35.0,0.06192333333333334,210.0-1635.0,nan,ITMS + c ESI d Full ms2 812.33@cid35.00 [210.00-1635.00],On,3,38.118,0.77,CollisionInducedDissociation,MassAnalyzerITMS,Any,736.996337890625,No,N/A,N/A,N/A,N/A,121374.0390625,N/A,0.0000,0,N/A,N/A,2.0,N/A,0.000,107533.039,-347.451,N/A,N/A,N/A,N/A,N/A,N/A,N/A,N/A,N/A,N/A,N/A,N/A,N/A,N/A
10,small,848427.3125,4460,0,0.0,35.0,0.08120333333333334,210.0-1635.0,nan,ITMS + c ESI d Full ms2 810.75@cid35.00 [210.00-1635.00],On,3,9.612,0.69,CollisionInducedDissociation,MassAnalyzerITMS,Any,736.620361328125,No,N/A,N/A,N/A,N/A,241979.125,N/A,0.0000,0,N/A,N/A,2.0,N/A,0.000,107533.039,-347.451,N/A,N/A,N/A,N/A,N/A,N/A,N/A,N/A,N/A,N/A,N/A,N/A,N/A,N/A
11,small,456143.4375,7572,0,0.0,35.0,0.09290333333333332,220.0-1690.0,nan,ITMS + c ESI d Full ms2 837.96@cid35.00 [220.00-1690.00],On,3,11.561,0.70,CollisionInducedDissociation,MassAnalyzerITMS,Any,780.757568359375,No,N/A,N/A,N/A,N/A,49891.08203125,N/A,0.0000,0,N/A,N/A,2.0,N/A,0.000,107533.039,-347.451,N/A,N/A,N/A,N/A,N/A,N/A,N/A,N/A,N/A,N/A,N/A,N/A,N/A,N/A
12,small,124170.3828125,5124,0,0.0,35.0,0.10480333333333333,165.0-1300.0,nan,ITMS + c ESI d Full ms2 644.06@cid35.00 [165.00-1300.00],On,3,40.509,0.73,CollisionInducedDissociation,MassAnalyzerITMS,Any,634.7259521484375,No,N/A,N/A,N/A,N/A,23714.06640625,N/A,0.0000,0,N/A,N/A,2.0,N/A,0.000,107533.039,-347.451,N/A,N/A,N/A,N/A,N/A,N/A,N/A,N/A,N/A,N/A,N/A,N/A,N/A,N/A
13,small,104264.796875,6380,0,0.0,35.0,0.11721500000000001,185.0-1465.0,nan,ITMS + c ESI d Full ms2 725.23@cid35.00 [185.00-1465.00],On,3,39.693,0.75,CollisionInducedDissociation,MassAnalyzerITMS,Any,578.97607421875,No,N/A,N/A,N/A,N/A,7778.6669921875,N/A,0.0000,0,N/A,N/A,2.0,N/A,0.000,107533.039,-347.451,N/A,N/A,N/A,N/A,N/A,N/A,N/A,N/A,N/A,N/A,N/A,N/A,N/A,N/A
14,small,147409.234375,5396,0,0.0,35.0,0.13002166666666667,140.0-1130.0,nan,ITMS + c ESI d Full ms2 559.19@cid35.00 [140.00-1130.00],On,3,69.128,0.79,CollisionInducedDissociation,MassAnalyzerITMS,Any,579.20068359375,No,N/A,N/A,N/A,N/A,17880.552734375,N/A,0.0000,0,N/A,N/A,2.0,N/A,0.000,107533.039,-347.451,N/A,N/A,N/A,N/A,N/A,N/A,N/A,N/A,N/A,N/A,N/A,N/A,N/A,N/A
17,small,1102582.125,4676,0,0.0,35.0,0.149755,210.0-1635.0,nan,ITMS + c ESI d Full ms2 811.41@cid35.00 [210.00-1635.00],On,3,9.879,0.69,CollisionInducedDissociation,MassAnalyzerITMS,Any,736.4835205078125,No,N/A,N/A,N/A,N/A,170135.3125,N/A,0.0000,0,N/A,N/A,2.0,N/A,0.000,107533.039,-347.451,N/A,N/A,N/A,N/A,N/A,N/A,N/A,N/A,N/A,N/A,N/A,N/A,N/A,N/A
18,small,360250.96875,7372,0,0.0,35.0,0.16144166666666668,220.0-1685.0,nan,ITMS + c ESI d Full ms2 837.36@cid35.00 [220.00-1685.00],On,3,11.878,0.70,CollisionInducedDissociation,MassAnalyzerITMS,Any,780.80712890625,No,N/A,N/A,N/A,N/A,43032.3359375,N/A,0.0000,0,N/A,N/A,2.0,N/A,0.000,107533.039,-347.451,N/A,N/A,N/A,N/A,N/A,N/A,N/A,N/A,N/A,N/A,N/A,N/A,N/A,N/A
19,small,125874.828125,5404,0,0.0,35.0,0.17337,165.0-1300.0,nan,ITMS + c ESI d Full ms2 643.80@cid35.00 [165.00-1300.00],On,3,57.966,0.78,CollisionInducedDissociation,MassAnalyzerITMS,Any,634.7623291015625,No,N/A,N/A,N/A,N/A,25645.544921875,N/A,0.0000,0,N/A,N/A,2.0,N/A,0.000,107533.039,-347.451,N/A,N/A,N/A,N/A,N/A,N/A,N/A,N/A,N/A,N/A,N/A,N/A,N/A,N/A
20,small,142243.390625,5436,0,0.0,35.0,0.18665833333333332,140.0-1130.0,nan,ITMS + c ESI d Full ms2 558.94@cid35.00 [140.00-1130.00],On,3,80.531,0.83,CollisionInducedDissociation,MassAnalyzerITMS,Any,579.14892578125,No,N/A,N/A,N/A,N/A,17014.310546875,N/A,0.0000,0,N/A,N/A,2.0,N/A,0.000,107533.039,-347.451,N/A,N/A,N/A,N/A,N/A,N/A,N/A,N/A,N/A,N/A,N/A,N/A,N/A,N/A
21,small,147414.578125,7172,0,0.0,35.0,0.200695,185.0-1465.0,nan,ITMS + c ESI d Full ms2 725.14@cid35.00 [185.00-1465.00],On,3,43.361,0.76,CollisionInducedDissociation,MassAnalyzerITMS,Any,668.7431640625,No,N/A,N/A,N/A,N/A,18647.232421875,N/A,0.0000,0,N/A,N/A,2.0,N/A,0.000,107533.039,-347.451,N/A,N/A,N/A,N/A,N/A,N/A,N/A,N/A,N/A,N/A,N/A,N/A,N/A,N/A
24,small,990298.5,4676,0,0.0,35.0,0.22007333333333332,210.0-1635.0,nan,ITMS + c ESI d Full ms2 810.84@cid35.00 [210.00-1635.00],On,3,33.141,0.76,CollisionInducedDissociation,MassAnalyzerITMS,Any,736.72607421875,No,N/A,N/A,N/A,N/A,274751.9375,N/A,0.0000,0,N/A,N/A,2.0,N/A,0.000,107533.039,-347.451,N/A,N/A,N/A,N/A,N/A,N/A,N/A,N/A,N/A,N/A,N/A,N/A,N/A,N/A
25,small,447647.96875,7548,0,0.0,35.0,0.23292333333333332,220.0-1685.0,nan,ITMS + c ESI d Full ms2 837.42@cid35.00 [220.00-1685.00],On,3,10.274,0.70,CollisionInducedDissociation,MassAnalyzerITMS,Any,780.773681640625,No,N/A,N/A,N/A,N/A,52065.8125,N/A,0.0000,0,N/A,N/A,2.0,N/A,0.000,107533.039,-347.451,N/A,N/A,N/A,N/A,N/A,N/A,N/A,N/A,N/A,N/A,N/A,N/A,N/A,N/A
26,small,71677.03125,6356,0,0.0,35.0,0.244745,175.0-1360.0,nan,ITMS + c ESI d Full ms2 674.64@cid35.00 [175.00-1360.00],On,3,77.485,0.85,CollisionInducedDissociation,MassAnalyzerITMS,Any,666.0197143554688,No,N/A,N/A,N/A,N/A,8386.5302734375,N/A,0.0000,0,N/A,N/A,2.0,N/A,0.000,107533.039,-347.451,N/A,N/A,N/A,N/A,N/A,N/A,N/A,N/A,N/A,N/A,N/A,N/A,N/A,N/A
27,small,119999.7421875,5540,0,0.0,35.0,0.2591716666666667,165.0-1300.0,nan,ITMS + c ESI d Full ms2 643.74@cid35.00 [165.00-1300.00],On,3,62.066,0.80,CollisionInducedDissociation,MassAnalyzerITMS,Any,579.1558837890625,No,N/A,N/A,N/A,N/A,15189.447265625,N/A,0.0000,0,N/A,N/A,2.0,N/A,0.000,107533.039,-347.451,N/A,N/A,N/A,N/A,N/A,N/A,N/A,N/A,N/A,N/A,N/A,N/A,N/A,N/A
28,small,152281.25,6964,0,0.0,35.0,0.2726633333333333,185.0-1465.0,nan,ITMS + c ESI d Full ms2 725.36@cid35.00 [185.00-1465.00],On,3,40.767,0.76,CollisionInducedDissociation,MassAnalyzerITMS,Any,579.156494140625,No,N/A,N/A,N/A,N/A,16345.388671875,N/A,0.0000,0,N/A,N/A,2.0,N/A,0.000,107533.039,-347.451,N/A,N/A,N/A,N/A,N/A,N/A,N/A,N/A,N/A,N/A,N/A,N/A,N/A,N/A
31,small,379009.78125,7548,0,0.0,35.0,0.3037033333333333,220.0-1685.0,nan,ITMS + c ESI d Full ms2 837.39@cid35.00 [220.00-1685.00],On,3,12.791,0.70,CollisionInducedDissociation,MassAnalyzerITMS,Any,780.756591796875,No,N/A,N/A,N/A,N/A,41109.4765625,N/A,0.0000,0,N/A,N/A,2.0,N/A,0.000,107533.039,-347.451,N/A,N/A,N/A,N/A,N/A,N/A,N/A,N/A,N/A,N/A,N/A,N/A,N/A,N/A
32,small,120473.4296875,5268,0,0.0,35.0,0.31565,165.0-1300.0,nan,ITMS + c ESI d Full ms2 643.80@cid35.00 [165.00-1300.00],On,3,49.755,0.76,CollisionInducedDissociation,MassAnalyzerITMS,Any,634.7528686523438,No,N/A,N/A,N/A,N/A,25015.27734375,N/A,0.0000,0,N/A,N/A,2.0,N/A,0.000,107533.039,-347.451,N/A,N/A,N/A,N/A,N/A,N/A,N/A,N/A,N/A,N/A,N/A,N/A,N/A,N/A
33,small,113763.3515625,5660,0,0.0,35.0,0.32852666666666663,140.0-1130.0,nan,ITMS + c ESI d Full ms2 558.75@cid35.00 [140.00-1130.00],On,3,87.588,0.85,CollisionInducedDissociation,MassAnalyzerITMS,Any,579.174072265625,No,N/A,N/A,N/A,N/A,14089.171875,N/A,0.0000,0,N/A,N/A,2.0,N/A,0.000,107533.039,-347.451,N/A,N/A,N/A,N/A,N/A,N/A,N/A,N/A,N/A,N/A,N/A,N/A,N/A,N/A
34,small,73607.4921875,4740,0,0.0,35.0,0.342915,230.0-1775.0,nan,ITMS + c ESI d Full ms2 882.45@cid35.00 [230.00-1775.00],On,3,82.456,0.93,CollisionInducedDissociation,MassAnalyzerITMS,Any,751.3594970703125,No,N/A,N/A,N/A,N/A,12645.546875,N/A,0.0000,0,N/A,N/A,2.0,N/A,0.000,107533.039,-347.451,N/A,N/A,N/A,N/A,N/A,N/A,N/A,N/A,N/A,N/A,N/A,N/A,N/A,N/A
37,small,1041573.75,4620,0,0.0,35.0,0.364755,210.0-1635.0,nan,ITMS + c ESI d Full ms2 810.73@cid35.00 [210.00-1635.00],On,3,11.512,0.69,CollisionInducedDissociation,MassAnalyzerITMS,Any,736.633056640625,No,N/A,N/A,N/A,N/A,298265.9375,N/A,0.0000,0,N/A,N/A,2.0,N/A,0.000,107533.039,-347.451,N/A,N/A,N/A,N/A,N/A,N/A,N/A,N/A,N/A,N/A,N/A,N/A,N/A,N/A
38,small,626711.3125,8556,0,0.0,35.0,0.37657833333333335,220.0-1685.0,nan,ITMS + c ESI d Full ms2 837.35@cid35.00 [220.00-1685.00],On,3,15.733,0.71,CollisionInducedDissociation,MassAnalyzerITMS,Any,780.5567626953125,No,N/A,N/A,N/A,N/A,43208.48828125,N/A,0.0000,0,N/A,N/A,2.0,N/A,0.000,107533.039,-347.451,N/A,N/A,N/A,N/A,N/A,N/A,N/A,N/A,N/A,N/A,N/A,N/A,N/A,N/A
39,small,109042.7265625,5268,0,0.0,35.0,0.3886733333333333,165.0-1300.0,nan,ITMS + c ESI d Full ms2 643.73@cid35.00 [165.00-1300.00],On,3,57.842,0.78,CollisionInducedDissociation,MassAnalyzerITMS,Any,634.7337646484375,No,N/A,N/A,N/A,N/A,21934.2734375,N/A,0.0000,0,N/A,N/A,2.0,N/A,0.000,107533.039,-347.451,N/A,N/A,N/A,N/A,N/A,N/A,N/A,N/A,N/A,N/A,N/A,N/A,N/A,N/A
40,small,156294.984375,7044,0,0.0,35.0,0.40196166666666666,185.0-1465.0,nan,ITMS + c ESI d Full ms2 725.68@cid35.00 [185.00-1465.00],On,3,47.009,0.78,CollisionInducedDissociation,MassAnalyzerITMS,Any,668.666259765625,No,N/A,N/A,N/A,N/A,17611.240234375,N/A,0.0000,0,N/A,N/A,2.0,N/A,0.000,107533.039,-347.451,N/A,N/A,N/A,N/A,N/A,N/A,N/A,N/A,N/A,N/A,N/A,N/A,N/A,N/A
41,small,79339.078125,6076,0,0.0,35.0,0.4151316666666667,175.0-1360.0,nan,ITMS + c ESI d Full ms2 674.70@cid35.00 [175.00-1360.00],On,3,56.725,0.79,CollisionInducedDissociation,MassAnalyzerITMS,Any,666.0372314453125,No,N/A,N/A,N/A,N/A,10264.2724609375,N/A,0.0000,0,N/A,N/A,2.0,N/A,0.000,107533.039,-347.451,N/A,N/A,N/A,N/A,N/A,N/A,N/A,N/A,N/A,N/A,N/A,N/A,N/A,N/A
44,small,925073.25,4932,0,0.0,35.0,0.4365666666666667,210.0-1635.0,nan,ITMS + c ESI d Full ms2 810.82@cid35.00 [210.00-1635.00],On,3,11.192,0.69,CollisionInducedDissociation,MassAnalyzerITMS,Any,736.655517578125,No,N/A,N/A,N/A,N/A,257593.78125,N/A,0.0000,0,N/A,N/A,2.0,N/A,0.000,107533.039,-347.451,N/A,N/A,N/A,N/A,N/A,N/A,N/A,N/A,N/A,N/A,N/A,N/A,N/A,N/A
45,small,419351.46875,8124,0,0.0,35.0,0.44832,220.0-1690.0,nan,ITMS + c ESI d Full ms2 837.78@cid35.00 [220.00-1690.00],On,3,17.769,0.72,CollisionInducedDissociation,MassAnalyzerITMS,Any,780.7742919921875,No,N/A,N/A,N/A,N/A,47736.73046875,N/A,0.0000,0,N/A,N/A,2.0,N/A,0.000,107533.039,-347.451,N/A,N/A,N/A,N/A,N/A,N/A,N/A,N/A,N/A,N/A,N/A,N/A,N/A,N/A
46,small,88901.921875,5748,0,0.0,35.0,0.46056499999999995,175.0-1360.0,nan,ITMS + c ESI d Full ms2 674.84@cid35.00 [175.00-1360.00],On,3,40.171,0.74,CollisionInducedDissociation,MassAnalyzerITMS,Any,666.0469360351562,No,N/A,N/A,N/A,N/A,12934.240234375,N/A,0.0000,0,N/A,N/A,2.0,N/A,0.000,107533.039,-347.451,N/A,N/A,N/A,N/A,N/A,N/A,N/A,N/A,N/A,N/A,N/A,N/A,N/A,N/A
47,small,100616.1953125,5316,0,0.0,35.0,0.47310333333333326,140.0-1130.0,nan,ITMS + c ESI d Full ms2 558.90@cid35.00 [140.00-1130.00],On,3,83.052,0.84,CollisionInducedDissociation,MassAnalyzerITMS,Any,579.2694702148438,No,N/A,N/A,N/A,N/A,13265.3984375,N/A,0.0000,0,N/A,N/A,2.0,N/A,0.000,107533.039,-347.451,N/A,N/A,N/A,N/A,N/A,N/A,N/A,N/A,N/A,N/A,N/A,N/A,N/A,N/A
48,small,77939.0078125,5132,0,0.0,35.0,0.48723666666666665,230.0-1780.0,nan,ITMS + c ESI d Full ms2 882.54@cid35.00 [230.00-1780.00],On,3,86.348,0.94,CollisionInducedDissociation,MassAnalyzerITMS,Any,751.3907470703125,No,N/A,N/A,N/A,N/A,13049.5205078125,N/A,0.0000,0,N/A,N/A,2.0,N/A,0.000,107533.039,-347.451,N/A,N/A,N/A,N/A,N/A,N/A,N/A,N/A,N/A,N/A,N/A,N/A,N/A,N/A
