Scan Number,RAW File,Ion Injection Time (ms),Total Number of Peaks,Total Ion Current,Retention Time (s),Base Peak Intensity,Base Peak Mass,Multi Inject Info,Multiple Injection
1,MS2_MS1_orbitrap,0.010,5216,4838253568.0,100.00259605201667,652468480.0,892.4443969726562,                                ,N/A
5,MS2_MS1_orbitrap,0.106,18224,6716740096.0,100.01330638295,919135616.0,892.4447631835938,                                ,N/A
7,MS2_MS1_orbitrap,0.036,10868,8293399552.0,100.01974960135,1131957376.0,892.4447021484375,                                ,N/A
9,MS2_MS1_orbitrap,0.289,21516,2303599872.0,100.02850730641667,295673440.0,669.5852661132812,                                ,N/A
11,MS2_MS1_orbitrap,0.093,10560,3053528064.0,100.03495319201667,406720640.0,892.4447021484375,                                ,N/A
14,MS2_MS1_orbitrap,0.311,21292,2746061824.0,100.04604001015,360017728.0,892.44482421875,                                ,N/A
15,MS2_MS1_orbitrap,0.030,11376,10942632960.0,100.05220635415,1476886656.0,892.444091796875,                                ,N/A
18,MS2_MS1_orbitrap,0.109,13224,3601719296.0,100.06097286801668,474781184.0,669.5850219726562,                                ,N/A
21,MS2_MS1_orbitrap,0.104,16048,5830299136.0,100.06921445628333,855594880.0,892.4443359375,                                ,N/A
23,MS2_MS1_orbitrap,0.027,7292,5186687488.0,100.07564318615,660030208.0,669.5849609375,                                ,N/A
25,MS2_MS1_orbitrap,0.009,6824,15491252224.0,100.08440671575,2431549696.0,892.4449462890625,                                ,N/A
26,MS2_MS1_orbitrap,0.011,7052,10560862208.0,100.09059828481666,1390511360.0,892.4445190429688,                                ,N/A
27,MS2_MS1_orbitrap,0.019,10488,16986228736.0,100.09663140108334,2570035200.0,892.44482421875,                                ,N/A
28,MS2_MS1_orbitrap,0.134,16176,4900678144.0,100.10267928455,743020800.0,892.4443969726562,                                ,N/A
30,MS2_MS1_orbitrap,0.012,5740,5773315072.0,100.10910588028334,835497024.0,892.4446411132812,                                ,N/A
31,MS2_MS1_orbitrap,0.011,8064,16122784768.0,100.11527627014999,2419783680.0,892.4446411132812,                                ,N/A
32,MS2_MS1_orbitrap,0.035,7672,4340265472.0,100.12137438481666,566731264.0,892.4443969726562,                                ,N/A
34,MS2_MS1_orbitrap,0.010,4756,6616184832.0,100.12781544615,918122624.0,892.44482421875,                                ,N/A
35,MS2_MS1_orbitrap,0.012,9380,20056573952.0,100.13393804481666,3336886016.0,892.4445190429688,                                ,N/A
36,MS2_MS1_orbitrap,0.046,13448,12383939584.0,100.13997111281667,1978776704.0,892.4446411132812,                                ,N/A
37,MS2_MS1_orbitrap,0.005,5824,15006242816.0,100.14603805548333,2299475712.0,892.4442749023438,                                ,N/A
41,MS2_MS1_orbitrap,0.015,9440,18767607808.0,100.15623322215,3107269888.0,892.4448852539062,                                ,N/A
42,MS2_MS1_orbitrap,0.035,14396,17873424384.0,100.16250378135001,2755665664.0,892.4447631835938,                                ,N/A
44,MS2_MS1_orbitrap,0.028,9548,8607731712.0,100.16894302561667,1122231552.0,669.5852661132812,                                ,N/A
45,MS2_MS1_orbitrap,0.034,12220,12035418112.0,100.17517162774999,1630733184.0,892.44482421875,                                ,N/A
46,MS2_MS1_orbitrap,0.015,6960,9933684736.0,100.18122345735,1733732608.0,892.4445190429688,                                ,N/A
47,MS2_MS1_orbitrap,0.009,7812,19107422208.0,100.18725880721666,2886182912.0,892.4447631835938,                                ,N/A
48,MS2_MS1_orbitrap,0.028,10516,14500895744.0,100.19336241654999,2330597376.0,892.4445190429688,                                ,N/A
49,MS2_MS1_orbitrap,0.016,8984,16764391424.0,100.19941674055,2453495296.0,892.444580078125,                                ,N/A
52,MS2_MS1_orbitrap,0.006,7820,27111090176.0,100.20763778535,4407940608.0,892.4443969726562,                                ,N/A
54,MS2_MS1_orbitrap,0.035,15404,17209671680.0,100.21407845895001,2978396416.0,892.4448852539062,                                ,N/A
55,MS2_MS1_orbitrap,0.007,4352,7414138880.0,100.22027442268333,1191851392.0,892.4447631835938,                                ,N/A
59,MS2_MS1_orbitrap,0.009,6784,14232440832.0,100.23142806828334,2112153472.0,892.4444580078125,                                ,N/A
60,MS2_MS1_orbitrap,0.007,7888,18266415104.0,100.23761276001666,2908126720.0,892.4445190429688,                                ,N/A
61,MS2_MS1_orbitrap,0.006,5600,12066468864.0,100.24363544561668,1812507904.0,892.4445190429688,                                ,N/A
62,MS2_MS1_orbitrap,0.017,10752,18530912256.0,100.24967882721667,2991281920.0,892.4447021484375,                                ,N/A
63,MS2_MS1_orbitrap,0.033,7948,5522537472.0,100.25576814348332,833373184.0,892.4446411132812,                                ,N/A
64,MS2_MS1_orbitrap,0.041,10432,6463183872.0,100.26182686828334,1005993856.0,892.4443969726562,                                ,N/A
66,MS2_MS1_orbitrap,0.005,6980,18756286464.0,100.26826788161667,2967699968.0,892.4445190429688,                                ,N/A
67,MS2_MS1_orbitrap,0.008,5204,8878991360.0,100.27443408641668,1149530112.0,892.445068359375,                                ,N/A
68,MS2_MS1_orbitrap,0.005,5968,19630120960.0,100.28046947895,3499672320.0,892.4447021484375,                                ,N/A
69,MS2_MS1_orbitrap,0.023,8808,10210347008.0,100.28650032188334,1463031040.0,892.4446411132812,                                ,N/A
70,MS2_MS1_orbitrap,0.009,6764,20612294656.0,100.29260894855,3748734464.0,892.4443969726562,                                ,N/A
72,MS2_MS1_orbitrap,0.008,8040,19327096832.0,100.29903330188334,3344930560.0,892.4447021484375,                                ,N/A
73,MS2_MS1_orbitrap,0.053,11632,6520257536.0,100.30523306268333,944516608.0,892.444580078125,                                ,N/A
74,MS2_MS1_orbitrap,0.011,7432,8858644480.0,100.31127211975,1267329920.0,892.44482421875,                                ,N/A
75,MS2_MS1_orbitrap,0.053,13556,11738222592.0,100.31729886881666,2049531136.0,892.4445190429688,                                ,N/A
76,MS2_MS1_orbitrap,0.154,17916,3814335488.0,100.32342401068333,524394144.0,892.4444580078125,                                ,N/A
78,MS2_MS1_orbitrap,0.026,13172,11977601024.0,100.32986388348333,1508521344.0,892.4443359375,                                ,N/A
80,MS2_MS1_orbitrap,0.015,8124,8839309312.0,100.33862954641667,1233294080.0,892.4446411132812,                                ,N/A
82,MS2_MS1_orbitrap,0.066,21352,14966366208.0,100.34507103281666,2428085248.0,892.4451293945312,                                ,N/A
83,MS2_MS1_orbitrap,0.016,8508,8831550464.0,100.35136522615,1173199872.0,892.4443359375,                                ,N/A
86,MS2_MS1_orbitrap,0.009,7812,13837844480.0,100.35968760695,1962915072.0,892.4449462890625,                                ,N/A
87,MS2_MS1_orbitrap,0.061,19600,12795670528.0,100.36582043015001,1871195648.0,892.4447631835938,                                ,N/A
89,MS2_MS1_orbitrap,0.079,19032,8300750336.0,100.37226200881668,979643264.0,892.4443359375,                                ,N/A
91,MS2_MS1_orbitrap,0.238,29124,5095272960.0,100.37869928881668,640610304.0,892.4447631835938,                                ,N/A
95,MS2_MS1_orbitrap,0.007,5420,6671431680.0,100.38901981095,963663936.0,892.444580078125,                                ,N/A
100,MS2_MS1_orbitrap,0.037,14424,8496824320.0,100.40156488961667,1130934144.0,892.4447021484375,                                ,N/A
101,MS2_MS1_orbitrap,0.039,9828,3836957696.0,100.40775348215,419833024.0,669.5853271484375,                                ,N/A
102,MS2_MS1_orbitrap,0.042,10364,3761669632.0,100.41379321601667,402480864.0,669.585205078125,                                ,N/A
104,MS2_MS1_orbitrap,0.058,11884,3368189952.0,100.42023027575,354152640.0,669.5850830078125,                                ,N/A
105,MS2_MS1_orbitrap,0.120,19128,3886230528.0,100.42653826935,481799744.0,669.5850219726562,                                ,N/A
106,MS2_MS1_orbitrap,0.313,24732,1719301376.0,100.43261552588334,175943408.0,669.5850219726562,                                ,N/A
108,MS2_MS1_orbitrap,0.350,26372,1818909056.0,100.43905917734999,171771376.0,669.5850830078125,                                ,N/A
110,MS2_MS1_orbitrap,0.071,10876,2152602368.0,100.44782736321666,228679424.0,669.5849609375,                                ,N/A
112,MS2_MS1_orbitrap,0.045,11600,3510926592.0,100.45660396695,351449920.0,669.5845947265625,                                ,N/A
114,MS2_MS1_orbitrap,0.067,11076,2340004096.0,100.46302853815,220805984.0,669.585205078125,                                ,N/A
115,MS2_MS1_orbitrap,0.105,13504,1796174080.0,100.46916133948334,160867216.0,669.5852661132812,                                ,N/A
116,MS2_MS1_orbitrap,0.057,8672,1723997952.0,100.47520906561667,152603168.0,669.5851440429688,                                ,N/A
117,MS2_MS1_orbitrap,0.761,46392,1848441600.0,100.48122746455,131769000.0,892.4450073242188,                                ,N/A
118,MS2_MS1_orbitrap,0.869,41976,1480897792.0,100.48734678748333,108838176.0,669.5856323242188,                                ,N/A
124,MS2_MS1_orbitrap,0.336,29396,1964251520.0,100.50184855921665,148286928.0,669.5853271484375,                                ,N/A
129,MS2_MS1_orbitrap,0.512,29508,1122348544.0,100.51462690535,76258632.0,669.5847778320312,                                ,N/A
131,MS2_MS1_orbitrap,0.652,32700,1085979520.0,100.52107859655,68367552.0,734.4027099609375,                                ,N/A
134,MS2_MS1_orbitrap,0.402,33824,1478500352.0,100.52940555441666,94029336.0,734.4027099609375,                                ,N/A
138,MS2_MS1_orbitrap,0.852,36616,1121056128.0,100.54059272321666,93634264.0,734.4030151367188,                                ,N/A
141,MS2_MS1_orbitrap,0.438,28116,1260936832.0,100.54955897095,110205688.0,734.4030151367188,                                ,N/A
